,GoalId,GoalName,TargetId,TargetName,IndicatorId,IndicatorName,SeriesId,SeriesName
0,1,Goal 1. Eradicate extreme poverty and hunger,1,"Target 1.A: Halve, between 1990 and 2015, the proportion of people whose income is less than one dollar a day",1,1.1 Proportion of population below $1.25 (PPP) per day,1101,"Population below $1.25 (PPP) per day, percentage"
1,1,Goal 1. Eradicate extreme poverty and hunger,1,"Target 1.A: Halve, between 1990 and 2015, the proportion of people whose income is less than one dollar a day",1,1.1 Proportion of population below $1.25 (PPP) per day,1102,"Population below national poverty line, total, percentage"
2,1,Goal 1. Eradicate extreme poverty and hunger,1,"Target 1.A: Halve, between 1990 and 2015, the proportion of people whose income is less than one dollar a day",1,1.1 Proportion of population below $1.25 (PPP) per day,1103,"Population below national poverty line, urban, percentage"
3,1,Goal 1. Eradicate extreme poverty and hunger,1,"Target 1.A: Halve, between 1990 and 2015, the proportion of people whose income is less than one dollar a day",1,1.1 Proportion of population below $1.25 (PPP) per day,1104,"Population below national poverty line, rural, percentage"
4,1,Goal 1. Eradicate extreme poverty and hunger,1,"Target 1.A: Halve, between 1990 and 2015, the proportion of people whose income is less than one dollar a day",1,1.1 Proportion of population below $1.25 (PPP) per day,1105,"Purchasing power parities (PPP) conversion factor, local currency unit to international dollar"
5,1,Goal 1. Eradicate extreme poverty and hunger,1,"Target 1.A: Halve, between 1990 and 2015, the proportion of people whose income is less than one dollar a day",2,1.2 Poverty gap ratio,1201,"Poverty gap ratio at $1.25 a day (PPP), percentage"
6,1,Goal 1. Eradicate extreme poverty and hunger,1,"Target 1.A: Halve, between 1990 and 2015, the proportion of people whose income is less than one dollar a day",3,1.3 Share of poorest quintile in national consumption,1301,"Poorest quintile&quot;s share in national income or consumption, percentage"
7,1,Goal 1. Eradicate extreme poverty and hunger,16,"Target 1.B: Achieve full and productive employment and decent work for all, including women and young people",195,1.4 Growth rate of GDP per person employed,1401,"Growth rate of GDP per person employed, percentage"
8,1,Goal 1. Eradicate extreme poverty and hunger,16,"Target 1.B: Achieve full and productive employment and decent work for all, including women and young people",196,1.5 Employment-to-population ratio,1501,"Employment-to-population ratio, both sexes, percentage"
9,1,Goal 1. Eradicate extreme poverty and hunger,16,"Target 1.B: Achieve full and productive employment and decent work for all, including women and young people",196,1.5 Employment-to-population ratio,1502,"Employment-to-population ratio, men, percentage"
10,1,Goal 1. Eradicate extreme poverty and hunger,16,"Target 1.B: Achieve full and productive employment and decent work for all, including women and young people",196,1.5 Employment-to-population ratio,1503,"Employment-to-population ratio, women, percentage"
11,1,Goal 1. Eradicate extreme poverty and hunger,16,"Target 1.B: Achieve full and productive employment and decent work for all, including women and young people",197,1.6 Proportion of employed people living below $1.25 (PPP) per day,1601,"Proportion of employed people living below $1 (PPP) per day, percentage"
12,1,Goal 1. Eradicate extreme poverty and hunger,16,"Target 1.B: Achieve full and productive employment and decent work for all, including women and young people",198,1.7 Proportion of own-account and contributing family workers in total employment,1701,"Proportion of own-account and contributing family workers in total employment, both sexes, percentage"
13,1,Goal 1. Eradicate extreme poverty and hunger,16,"Target 1.B: Achieve full and productive employment and decent work for all, including women and young people",198,1.7 Proportion of own-account and contributing family workers in total employment,1702,"Proportion of own-account and contributing family workers in total employment, women, percentage"
14,1,Goal 1. Eradicate extreme poverty and hunger,16,"Target 1.B: Achieve full and productive employment and decent work for all, including women and young people",198,1.7 Proportion of own-account and contributing family workers in total employment,1703,"Proportion of own-account and contributing family workers in total employment, men, percentage"
15,1,Goal 1. Eradicate extreme poverty and hunger,2,"Target 1.C: Halve, between 1990 and 2015, the proportion of people who suffer from hunger",4,1.8 Prevalence of underweight children under-five years of age,1801,"Children under 5 moderately or severely underweight, percentage"
16,1,Goal 1. Eradicate extreme poverty and hunger,2,"Target 1.C: Halve, between 1990 and 2015, the proportion of people who suffer from hunger",4,1.8 Prevalence of underweight children under-five years of age,1802,"Children under 5 severely underweight, percentage"
17,1,Goal 1. Eradicate extreme poverty and hunger,2,"Target 1.C: Halve, between 1990 and 2015, the proportion of people who suffer from hunger",5,1.9 Proportion of population below minimum level of dietary energy consumption,1901,"Population undernourished, percentage"
18,1,Goal 1. Eradicate extreme poverty and hunger,2,"Target 1.C: Halve, between 1990 and 2015, the proportion of people who suffer from hunger",5,1.9 Proportion of population below minimum level of dietary energy consumption,1902,"Population undernourished, millions"
19,2,Goal 2. Achieve universal primary education,3,"Target 2.A: Ensure that, by 2015, children everywhere, boys and girls alike, will be able to complete a full course of primary schooling",6,2.1 Net enrolment ratio in primary education,2101,"Total net enrolment ratio in primary education, both sexes"
20,2,Goal 2. Achieve universal primary education,3,"Target 2.A: Ensure that, by 2015, children everywhere, boys and girls alike, will be able to complete a full course of primary schooling",6,2.1 Net enrolment ratio in primary education,2102,"Total net enrolment ratio in primary education, boys"
21,2,Goal 2. Achieve universal primary education,3,"Target 2.A: Ensure that, by 2015, children everywhere, boys and girls alike, will be able to complete a full course of primary schooling",6,2.1 Net enrolment ratio in primary education,2103,"Total net enrolment ratio in primary education, girls"
22,2,Goal 2. Achieve universal primary education,3,"Target 2.A: Ensure that, by 2015, children everywhere, boys and girls alike, will be able to complete a full course of primary schooling",7,2.2 Proportion of pupils starting grade 1 who reach last grade of primary,2201,"Percentage of pupils starting grade 1 who reach last grade of primary, both sexes"
23,2,Goal 2. Achieve universal primary education,3,"Target 2.A: Ensure that, by 2015, children everywhere, boys and girls alike, will be able to complete a full course of primary schooling",7,2.2 Proportion of pupils starting grade 1 who reach last grade of primary,2202,"Percentage of pupils starting grade 1 who reach last grade of primary, boys"
24,2,Goal 2. Achieve universal primary education,3,"Target 2.A: Ensure that, by 2015, children everywhere, boys and girls alike, will be able to complete a full course of primary schooling",7,2.2 Proportion of pupils starting grade 1 who reach last grade of primary,2203,"Percentage of pupils starting grade 1 who reach last grade of primary, girls"
25,2,Goal 2. Achieve universal primary education,3,"Target 2.A: Ensure that, by 2015, children everywhere, boys and girls alike, will be able to complete a full course of primary schooling",7,2.2 Proportion of pupils starting grade 1 who reach last grade of primary,2204,"Primary completion rate, both sexes"
26,2,Goal 2. Achieve universal primary education,3,"Target 2.A: Ensure that, by 2015, children everywhere, boys and girls alike, will be able to complete a full course of primary schooling",7,2.2 Proportion of pupils starting grade 1 who reach last grade of primary,2205,"Primary completion rate, boys"
27,2,Goal 2. Achieve universal primary education,3,"Target 2.A: Ensure that, by 2015, children everywhere, boys and girls alike, will be able to complete a full course of primary schooling",7,2.2 Proportion of pupils starting grade 1 who reach last grade of primary,2206,"Primary completion rate, girls"
28,2,Goal 2. Achieve universal primary education,3,"Target 2.A: Ensure that, by 2015, children everywhere, boys and girls alike, will be able to complete a full course of primary schooling",8,"2.3 Literacy rate of 15-24 year-olds, women and men",2301,"Literacy rates of 15-24 years old, both sexes, percentage"
29,2,Goal 2. Achieve universal primary education,3,"Target 2.A: Ensure that, by 2015, children everywhere, boys and girls alike, will be able to complete a full course of primary schooling",8,"2.3 Literacy rate of 15-24 year-olds, women and men",2302,"Literacy rates of 15-24 years old, men, percentage"
30,2,Goal 2. Achieve universal primary education,3,"Target 2.A: Ensure that, by 2015, children everywhere, boys and girls alike, will be able to complete a full course of primary schooling",8,"2.3 Literacy rate of 15-24 year-olds, women and men",2303,"Literacy rates of 15-24 years old, women, percentage"
31,2,Goal 2. Achieve universal primary education,3,"Target 2.A: Ensure that, by 2015, children everywhere, boys and girls alike, will be able to complete a full course of primary schooling",8,"2.3 Literacy rate of 15-24 year-olds, women and men",2304,"Women to men parity index, as ratio of literacy rates, 15-24 years old"
32,3,Goal 3. Promote gender equality and empower women,4,"Target 3.A: Eliminate gender disparity in primary and secondary education, preferably by 2005, and in all levels of education no later than 2015",9,"3.1 Ratio of girls to boys in primary, secondary and tertiary education",3101,Gender Parity Index in primary level enrolment
33,3,Goal 3. Promote gender equality and empower women,4,"Target 3.A: Eliminate gender disparity in primary and secondary education, preferably by 2005, and in all levels of education no later than 2015",9,"3.1 Ratio of girls to boys in primary, secondary and tertiary education",3102,Gender Parity Index in secondary level enrolment
34,3,Goal 3. Promote gender equality and empower women,4,"Target 3.A: Eliminate gender disparity in primary and secondary education, preferably by 2005, and in all levels of education no later than 2015",9,"3.1 Ratio of girls to boys in primary, secondary and tertiary education",3103,Gender Parity Index in tertiary level enrolment
35,3,Goal 3. Promote gender equality and empower women,4,"Target 3.A: Eliminate gender disparity in primary and secondary education, preferably by 2005, and in all levels of education no later than 2015",11,3.2 Share of women in wage employment in the non-agricultural sector,3201,Share of women in wage employment in the non-agricultural sector
36,3,Goal 3. Promote gender equality and empower women,4,"Target 3.A: Eliminate gender disparity in primary and secondary education, preferably by 2005, and in all levels of education no later than 2015",12,3.3 Proportion of seats held by women in national parliament,3301,"Seats held by women in national parliament, percentage"
37,3,Goal 3. Promote gender equality and empower women,4,"Target 3.A: Eliminate gender disparity in primary and secondary education, preferably by 2005, and in all levels of education no later than 2015",12,3.3 Proportion of seats held by women in national parliament,3302,Total number of seats in national parliament
38,3,Goal 3. Promote gender equality and empower women,4,"Target 3.A: Eliminate gender disparity in primary and secondary education, preferably by 2005, and in all levels of education no later than 2015",12,3.3 Proportion of seats held by women in national parliament,3303,Seats held by men in national parliament
39,3,Goal 3. Promote gender equality and empower women,4,"Target 3.A: Eliminate gender disparity in primary and secondary education, preferably by 2005, and in all levels of education no later than 2015",12,3.3 Proportion of seats held by women in national parliament,3304,Seats held by women in national parliament
40,4,Goal 4. Reduce child mortality,5,"Target 4.A: Reduce by two-thirds, between 1990 and 2015, the under-five mortality rate",13,4.1 Under-five mortality rate,4101,"Children under five mortality rate per 1,000 live births"
41,4,Goal 4. Reduce child mortality,5,"Target 4.A: Reduce by two-thirds, between 1990 and 2015, the under-five mortality rate",14,4.2 Infant mortality rate,4201,"Infant mortality rate (0-1 year) per 1,000 live births"
42,4,Goal 4. Reduce child mortality,5,"Target 4.A: Reduce by two-thirds, between 1990 and 2015, the under-five mortality rate",15,4.3 Proportion of 1 year-old children immunized against measles,4301,"Children 1 year old immunized against measles, percentage"
43,1,Goal 1. Eradicate extreme poverty and hunger,16,"Target 1.B: Achieve full and productive employment and decent work for all, including women and young people",45,"[non-MDG] Unemployment rate of young people aged 15-24 years, each sex and total",4501,"Youth unemployment rate, aged 15-24, both sexes"
44,1,Goal 1. Eradicate extreme poverty and hunger,16,"Target 1.B: Achieve full and productive employment and decent work for all, including women and young people",45,"[non-MDG] Unemployment rate of young people aged 15-24 years, each sex and total",4502,"Youth unemployment rate, aged 15-24, women"
45,1,Goal 1. Eradicate extreme poverty and hunger,16,"Target 1.B: Achieve full and productive employment and decent work for all, including women and young people",45,"[non-MDG] Unemployment rate of young people aged 15-24 years, each sex and total",4503,"Youth unemployment rate, aged 15-24, men"
46,1,Goal 1. Eradicate extreme poverty and hunger,16,"Target 1.B: Achieve full and productive employment and decent work for all, including women and young people",45,"[non-MDG] Unemployment rate of young people aged 15-24 years, each sex and total",4504,"Ratio of youth unemployment rate to adult unemployment rate, both sexes"
47,1,Goal 1. Eradicate extreme poverty and hunger,16,"Target 1.B: Achieve full and productive employment and decent work for all, including women and young people",45,"[non-MDG] Unemployment rate of young people aged 15-24 years, each sex and total",4505,"Ratio of youth unemployment rate to adult unemployment rate, women"
48,1,Goal 1. Eradicate extreme poverty and hunger,16,"Target 1.B: Achieve full and productive employment and decent work for all, including women and young people",45,"[non-MDG] Unemployment rate of young people aged 15-24 years, each sex and total",4506,"Ratio of youth unemployment rate to adult unemployment rate, men"
49,1,Goal 1. Eradicate extreme poverty and hunger,16,"Target 1.B: Achieve full and productive employment and decent work for all, including women and young people",45,"[non-MDG] Unemployment rate of young people aged 15-24 years, each sex and total",4507,"Share of youth unemployed to total unemployed, both sexes"
50,1,Goal 1. Eradicate extreme poverty and hunger,16,"Target 1.B: Achieve full and productive employment and decent work for all, including women and young people",45,"[non-MDG] Unemployment rate of young people aged 15-24 years, each sex and total",4508,"Share of youth unemployed to total unemployed, women"
51,1,Goal 1. Eradicate extreme poverty and hunger,16,"Target 1.B: Achieve full and productive employment and decent work for all, including women and young people",45,"[non-MDG] Unemployment rate of young people aged 15-24 years, each sex and total",4509,"Share of youth unemployed to total unemployed, men"
52,1,Goal 1. Eradicate extreme poverty and hunger,16,"Target 1.B: Achieve full and productive employment and decent work for all, including women and young people",45,"[non-MDG] Unemployment rate of young people aged 15-24 years, each sex and total",4510,"Share of youth unemployed to youth population, both sexes"
53,1,Goal 1. Eradicate extreme poverty and hunger,16,"Target 1.B: Achieve full and productive employment and decent work for all, including women and young people",45,"[non-MDG] Unemployment rate of young people aged 15-24 years, each sex and total",4511,"Share of youth unemployed to youth population, women"
54,1,Goal 1. Eradicate extreme poverty and hunger,16,"Target 1.B: Achieve full and productive employment and decent work for all, including women and young people",45,"[non-MDG] Unemployment rate of young people aged 15-24 years, each sex and total",4512,"Share of youth unemployed to youth population, men"
55,5,Goal 5. Improve maternal health,6,"Target 5.A: Reduce by three quarters, between 1990 and 2015, the maternal mortality ratio",16,5.1 Maternal mortality ratio,5101,"Maternal mortality ratio per 100,000 live births"
56,5,Goal 5. Improve maternal health,6,"Target 5.A: Reduce by three quarters, between 1990 and 2015, the maternal mortality ratio",17,5.2 Proportion of births attended by skilled health personnel,5201,"Births attended by skilled health personnel, percentage"
57,5,Goal 5. Improve maternal health,19,"Target 5.B: Achieve, by 2015, universal access to reproductive health",193,5.3 Contraceptive prevalence rate,5301,"Current contraceptive use among married women 15-49 years old, any method, percentage"
58,5,Goal 5. Improve maternal health,19,"Target 5.B: Achieve, by 2015, universal access to reproductive health",193,5.3 Contraceptive prevalence rate,5302,"Current contraceptive use among married women 15-49 years old, modern methods, percentage"
59,5,Goal 5. Improve maternal health,19,"Target 5.B: Achieve, by 2015, universal access to reproductive health",193,5.3 Contraceptive prevalence rate,5303,"Current contraceptive use among married women 15-49 years old, condom, percentage"
60,5,Goal 5. Improve maternal health,19,"Target 5.B: Achieve, by 2015, universal access to reproductive health",200,5.4 Adolescent birth rate,5401,"Adolescent birth rate, per 1,000 women"
61,5,Goal 5. Improve maternal health,19,"Target 5.B: Achieve, by 2015, universal access to reproductive health",201,5.5 Antenatal care coverage (at least one visit and at least four visits),5501,"Antenatal care coverage, at least one visit, percentage"
62,5,Goal 5. Improve maternal health,19,"Target 5.B: Achieve, by 2015, universal access to reproductive health",201,5.5 Antenatal care coverage (at least one visit and at least four visits),5502,"Antenatal care coverage, at least four visits, percentage"
63,5,Goal 5. Improve maternal health,19,"Target 5.B: Achieve, by 2015, universal access to reproductive health",202,5.6 Unmet need for family planning,5601,"Unmet need for family planning, total, percentage"
64,5,Goal 5. Improve maternal health,19,"Target 5.B: Achieve, by 2015, universal access to reproductive health",202,5.6 Unmet need for family planning,5602,"Unmet need for family planning, limiting, percentage"
65,6,"Goal 6. Combat HIV/AIDS, malaria and other diseases",7,Target 6.A: Have halted by 2015 and begun to reverse the spread of HIV/AIDS,18,6.1 HIV prevalence among population aged 15-24 years,6101,"People living with HIV, 15-49 years old, percentage (lower bound)"
66,6,"Goal 6. Combat HIV/AIDS, malaria and other diseases",7,Target 6.A: Have halted by 2015 and begun to reverse the spread of HIV/AIDS,18,6.1 HIV prevalence among population aged 15-24 years,6102,"People living with HIV, 15-49 years old, percentage"
67,6,"Goal 6. Combat HIV/AIDS, malaria and other diseases",7,Target 6.A: Have halted by 2015 and begun to reverse the spread of HIV/AIDS,18,6.1 HIV prevalence among population aged 15-24 years,6103,"People living with HIV, 15-49 years old, percentage (upper bound)"
68,6,"Goal 6. Combat HIV/AIDS, malaria and other diseases",7,Target 6.A: Have halted by 2015 and begun to reverse the spread of HIV/AIDS,18,6.1 HIV prevalence among population aged 15-24 years,6104,"HIV prevalence rate, women 15-49 years old, in national based surveys"
69,6,"Goal 6. Combat HIV/AIDS, malaria and other diseases",7,Target 6.A: Have halted by 2015 and begun to reverse the spread of HIV/AIDS,18,6.1 HIV prevalence among population aged 15-24 years,6105,"HIV prevalence rate, men 15-49 years old, in national based surveys"
70,6,"Goal 6. Combat HIV/AIDS, malaria and other diseases",7,Target 6.A: Have halted by 2015 and begun to reverse the spread of HIV/AIDS,18,6.1 HIV prevalence among population aged 15-24 years,6106,AIDS deaths (lower bound)
71,6,"Goal 6. Combat HIV/AIDS, malaria and other diseases",7,Target 6.A: Have halted by 2015 and begun to reverse the spread of HIV/AIDS,18,6.1 HIV prevalence among population aged 15-24 years,6107,AIDS deaths
72,6,"Goal 6. Combat HIV/AIDS, malaria and other diseases",7,Target 6.A: Have halted by 2015 and begun to reverse the spread of HIV/AIDS,18,6.1 HIV prevalence among population aged 15-24 years,6108,AIDS deaths (upper bound)
73,6,"Goal 6. Combat HIV/AIDS, malaria and other diseases",7,Target 6.A: Have halted by 2015 and begun to reverse the spread of HIV/AIDS,18,6.1 HIV prevalence among population aged 15-24 years,6109,"HIV incidence rate, 15-49 years old, percentage (lower bound)"
74,6,"Goal 6. Combat HIV/AIDS, malaria and other diseases",7,Target 6.A: Have halted by 2015 and begun to reverse the spread of HIV/AIDS,18,6.1 HIV prevalence among population aged 15-24 years,6110,"HIV incidence rate, 15-49 years old, percentage (mid-point)"
75,6,"Goal 6. Combat HIV/AIDS, malaria and other diseases",7,Target 6.A: Have halted by 2015 and begun to reverse the spread of HIV/AIDS,18,6.1 HIV prevalence among population aged 15-24 years,6111,"HIV incidence rate, 15-49 years old, percentage (upper bound)"
76,6,"Goal 6. Combat HIV/AIDS, malaria and other diseases",7,Target 6.A: Have halted by 2015 and begun to reverse the spread of HIV/AIDS,191,6.2 Condom use at the last high-risk sex,6201,"Condom use at last high-risk sex, 15-24 years old, women, percentage"
77,6,"Goal 6. Combat HIV/AIDS, malaria and other diseases",7,Target 6.A: Have halted by 2015 and begun to reverse the spread of HIV/AIDS,191,6.2 Condom use at the last high-risk sex,6202,"Condom use at last high-risk sex, 15-24 years old, men, percentage"
78,6,"Goal 6. Combat HIV/AIDS, malaria and other diseases",7,Target 6.A: Have halted by 2015 and begun to reverse the spread of HIV/AIDS,191,6.2 Condom use at the last high-risk sex,6203,"Condom use to overall contraceptive use among currently married women 15-49 years old, percentage"
79,6,"Goal 6. Combat HIV/AIDS, malaria and other diseases",7,Target 6.A: Have halted by 2015 and begun to reverse the spread of HIV/AIDS,192,6.3 Proportion of population aged 15-24 years with comprehensive correct knowledge of HIV/AIDS,6301,"Men 15-24 years old with comprehensive correct knowledge of HIV/AIDS, percentage"
80,6,"Goal 6. Combat HIV/AIDS, malaria and other diseases",7,Target 6.A: Have halted by 2015 and begun to reverse the spread of HIV/AIDS,192,6.3 Proportion of population aged 15-24 years with comprehensive correct knowledge of HIV/AIDS,6302,"Women 15-24 years old with comprehensive correct knowledge of HIV/AIDS, percentage"
81,6,"Goal 6. Combat HIV/AIDS, malaria and other diseases",7,Target 6.A: Have halted by 2015 and begun to reverse the spread of HIV/AIDS,20,6.4 Ratio of school attendance of orphans to school attendance of non-orphans aged 10-14 years,6401,Ratio of school attendance rate of orphans to school attendance rate of non orphans
82,6,"Goal 6. Combat HIV/AIDS, malaria and other diseases",7,Target 6.A: Have halted by 2015 and begun to reverse the spread of HIV/AIDS,20,6.4 Ratio of school attendance of orphans to school attendance of non-orphans aged 10-14 years,6402,School attendance rate of orphans aged 10-14
83,6,"Goal 6. Combat HIV/AIDS, malaria and other diseases",7,Target 6.A: Have halted by 2015 and begun to reverse the spread of HIV/AIDS,20,6.4 Ratio of school attendance of orphans to school attendance of non-orphans aged 10-14 years,6403,School attendance rate of children aged 10-14 both of whose parents are alive and who live with at least one parent
84,6,"Goal 6. Combat HIV/AIDS, malaria and other diseases",7,Target 6.A: Have halted by 2015 and begun to reverse the spread of HIV/AIDS,20,6.4 Ratio of school attendance of orphans to school attendance of non-orphans aged 10-14 years,6404,AIDS orphans (one or both parents)
85,6,"Goal 6. Combat HIV/AIDS, malaria and other diseases",20,"Target 6.B: Achieve, by 2010, universal access to treatment for HIV/AIDS for all those who need it",206,6.5 Proportion of population with advanced HIV infection with access to antiretroviral drugs,6501,"Antiretroviral therapy coverage among people with advanced HIV infection, percentage (lower bound)"
86,6,"Goal 6. Combat HIV/AIDS, malaria and other diseases",20,"Target 6.B: Achieve, by 2010, universal access to treatment for HIV/AIDS for all those who need it",206,6.5 Proportion of population with advanced HIV infection with access to antiretroviral drugs,6502,"Antiretroviral therapy coverage among people with advanced HIV infection, percentage"
87,6,"Goal 6. Combat HIV/AIDS, malaria and other diseases",20,"Target 6.B: Achieve, by 2010, universal access to treatment for HIV/AIDS for all those who need it",206,6.5 Proportion of population with advanced HIV infection with access to antiretroviral drugs,6503,"Antiretroviral therapy coverage among people with advanced HIV infection, percentage (upper bound)"
88,6,"Goal 6. Combat HIV/AIDS, malaria and other diseases",20,"Target 6.B: Achieve, by 2010, universal access to treatment for HIV/AIDS for all those who need it",206,6.5 Proportion of population with advanced HIV infection with access to antiretroviral drugs,6504,Percentage of HIV-infected pregnant women who received antiretroviral drugs to reduce the risk for mother-to-child transmission (lower bound)
89,6,"Goal 6. Combat HIV/AIDS, malaria and other diseases",20,"Target 6.B: Achieve, by 2010, universal access to treatment for HIV/AIDS for all those who need it",206,6.5 Proportion of population with advanced HIV infection with access to antiretroviral drugs,6505,Percentage of HIV-infected pregnant women who received antiretroviral drugs to reduce the risk for mother-to-child transmission (Mid point)
90,6,"Goal 6. Combat HIV/AIDS, malaria and other diseases",20,"Target 6.B: Achieve, by 2010, universal access to treatment for HIV/AIDS for all those who need it",206,6.5 Proportion of population with advanced HIV infection with access to antiretroviral drugs,6506,Percentage of HIV-infected pregnant women who received antiretroviral drugs to reduce the risk for mother-to-child transmission (upper bound)
91,6,"Goal 6. Combat HIV/AIDS, malaria and other diseases",8,Target 6.C: Have halted by 2015 and begun to reverse the incidence of malaria and other major diseases,21,6.6 Incidence and death rates associated with malaria,6601,"Notified cases of malaria per 100,000 population"
92,6,"Goal 6. Combat HIV/AIDS, malaria and other diseases",8,Target 6.C: Have halted by 2015 and begun to reverse the incidence of malaria and other major diseases,21,6.6 Incidence and death rates associated with malaria,6602,"Malaria death rate per 100,000 population, all ages"
93,6,"Goal 6. Combat HIV/AIDS, malaria and other diseases",8,Target 6.C: Have halted by 2015 and begun to reverse the incidence of malaria and other major diseases,21,6.6 Incidence and death rates associated with malaria,6603,"Malaria death rate per 100,000 population, ages 0-4"
94,6,"Goal 6. Combat HIV/AIDS, malaria and other diseases",8,Target 6.C: Have halted by 2015 and begun to reverse the incidence of malaria and other major diseases,22,6.7 Proportion of children under 5 sleeping under insecticide-treated bednets,6701,"Children under 5 sleeping under insecticide-treated bed nets, percentage"
95,6,"Goal 6. Combat HIV/AIDS, malaria and other diseases",8,Target 6.C: Have halted by 2015 and begun to reverse the incidence of malaria and other major diseases,207,6.8 Proportion of children under 5 with fever who are treated with appropriate anti-malarial drugs,6801,"Children under 5 with fever being treated with anti-malarial drugs, percentage"
96,6,"Goal 6. Combat HIV/AIDS, malaria and other diseases",8,Target 6.C: Have halted by 2015 and begun to reverse the incidence of malaria and other major diseases,23,"6.9 Incidence, prevalence and death rates associated with tuberculosis",6901,"Tuberculosis prevalence rate per 100,000 population (mid-point)"
97,6,"Goal 6. Combat HIV/AIDS, malaria and other diseases",8,Target 6.C: Have halted by 2015 and begun to reverse the incidence of malaria and other major diseases,23,"6.9 Incidence, prevalence and death rates associated with tuberculosis",6902,"Tuberculosis prevalence rate per 100,000 population (lower bound)"
98,6,"Goal 6. Combat HIV/AIDS, malaria and other diseases",8,Target 6.C: Have halted by 2015 and begun to reverse the incidence of malaria and other major diseases,23,"6.9 Incidence, prevalence and death rates associated with tuberculosis",6903,"Tuberculosis prevalence rate per 100,000 population (upper bound)"
99,6,"Goal 6. Combat HIV/AIDS, malaria and other diseases",8,Target 6.C: Have halted by 2015 and begun to reverse the incidence of malaria and other major diseases,23,"6.9 Incidence, prevalence and death rates associated with tuberculosis",6904,"Tuberculosis death rate per year per 100,000 population (mid-point)"
100,6,"Goal 6. Combat HIV/AIDS, malaria and other diseases",8,Target 6.C: Have halted by 2015 and begun to reverse the incidence of malaria and other major diseases,23,"6.9 Incidence, prevalence and death rates associated with tuberculosis",6905,"Tuberculosis death rate per year per 100,000 population (lower bound)"
101,6,"Goal 6. Combat HIV/AIDS, malaria and other diseases",8,Target 6.C: Have halted by 2015 and begun to reverse the incidence of malaria and other major diseases,23,"6.9 Incidence, prevalence and death rates associated with tuberculosis",6906,"Tuberculosis death rate per year per 100,000 population (upper bound)"
102,6,"Goal 6. Combat HIV/AIDS, malaria and other diseases",8,Target 6.C: Have halted by 2015 and begun to reverse the incidence of malaria and other major diseases,23,"6.9 Incidence, prevalence and death rates associated with tuberculosis",6907,"Tuberculosis incidence rate per year per 100,000 population (mid-point)"
103,6,"Goal 6. Combat HIV/AIDS, malaria and other diseases",8,Target 6.C: Have halted by 2015 and begun to reverse the incidence of malaria and other major diseases,23,"6.9 Incidence, prevalence and death rates associated with tuberculosis",6908,"Tuberculosis incidence rate per year per 100,000 population (lower bound)"
104,6,"Goal 6. Combat HIV/AIDS, malaria and other diseases",8,Target 6.C: Have halted by 2015 and begun to reverse the incidence of malaria and other major diseases,23,"6.9 Incidence, prevalence and death rates associated with tuberculosis",6909,"Tuberculosis incidence rate per year per 100,000 population (upper bound)"
105,6,"Goal 6. Combat HIV/AIDS, malaria and other diseases",8,Target 6.C: Have halted by 2015 and begun to reverse the incidence of malaria and other major diseases,24,6.10 Proportion of tuberculosis cases detected and cured under directly observed treatment short course,6911,"Tuberculosis detection rate under DOTS, percentage (mid-point)"
106,6,"Goal 6. Combat HIV/AIDS, malaria and other diseases",8,Target 6.C: Have halted by 2015 and begun to reverse the incidence of malaria and other major diseases,23,"6.9 Incidence, prevalence and death rates associated with tuberculosis",6912,"Tuberculosis detection rate under DOTS, percentage (lower bound)"
107,6,"Goal 6. Combat HIV/AIDS, malaria and other diseases",8,Target 6.C: Have halted by 2015 and begun to reverse the incidence of malaria and other major diseases,23,"6.9 Incidence, prevalence and death rates associated with tuberculosis",6913,"Tuberculosis detection rate under DOTS, percentage (upper bound)"
108,6,"Goal 6. Combat HIV/AIDS, malaria and other diseases",8,Target 6.C: Have halted by 2015 and begun to reverse the incidence of malaria and other major diseases,24,6.10 Proportion of tuberculosis cases detected and cured under directly observed treatment short course,6914,"Tuberculosis treatment success rate under DOTS, percentage"
109,7,Goal 7. Ensure environmental sustainability,9,Target 7.A: Integrate the principles of sustainable development into country policies and programmes and reverse the loss of environmental resources,25,7.1 Proportion of land area covered by forest,7101,"Proportion of land area covered by forest, percentage"
110,7,Goal 7. Ensure environmental sustainability,9,Target 7.A: Integrate the principles of sustainable development into country policies and programmes and reverse the loss of environmental resources,28,"7.2 Carbon dioxide emissions, total, per capita and per $1 GDP (PPP)",7201,"Carbon dioxide emissions (CO2), thousand metric tons of CO2 (CDIAC)"
111,7,Goal 7. Ensure environmental sustainability,9,Target 7.A: Integrate the principles of sustainable development into country policies and programmes and reverse the loss of environmental resources,28,"7.2 Carbon dioxide emissions, total, per capita and per $1 GDP (PPP)",7202,"Carbon dioxide emissions (CO2), thousand metric tons of CO2 (UNFCCC)"
112,7,Goal 7. Ensure environmental sustainability,9,Target 7.A: Integrate the principles of sustainable development into country policies and programmes and reverse the loss of environmental resources,28,"7.2 Carbon dioxide emissions, total, per capita and per $1 GDP (PPP)",7203,"Carbon dioxide emissions (CO2), metric tons of CO2 per capita (CDIAC)"
113,7,Goal 7. Ensure environmental sustainability,9,Target 7.A: Integrate the principles of sustainable development into country policies and programmes and reverse the loss of environmental resources,28,"7.2 Carbon dioxide emissions, total, per capita and per $1 GDP (PPP)",7204,"Carbon dioxide emissions (CO2), metric tons of CO2 per capita (UNFCCC)"
114,7,Goal 7. Ensure environmental sustainability,9,Target 7.A: Integrate the principles of sustainable development into country policies and programmes and reverse the loss of environmental resources,28,"7.2 Carbon dioxide emissions, total, per capita and per $1 GDP (PPP)",7205,"Carbon dioxide emissions (CO2), kg CO2 per $1 GDP (PPP) (CDIAC)"
115,7,Goal 7. Ensure environmental sustainability,9,Target 7.A: Integrate the principles of sustainable development into country policies and programmes and reverse the loss of environmental resources,28,"7.2 Carbon dioxide emissions, total, per capita and per $1 GDP (PPP)",7206,"Carbon dioxide emissions (CO2), kg CO2 per $1 GDP (PPP) (UNFCCC)"
116,7,Goal 7. Ensure environmental sustainability,9,Target 7.A: Integrate the principles of sustainable development into country policies and programmes and reverse the loss of environmental resources,28,"7.2 Carbon dioxide emissions, total, per capita and per $1 GDP (PPP)",7209,"Energy use (kg oil equivalent) per $1,000 GDP (Constant 2005 PPP $)"
117,7,Goal 7. Ensure environmental sustainability,9,Target 7.A: Integrate the principles of sustainable development into country policies and programmes and reverse the loss of environmental resources,208,7.3 Consumption of ozone-depleting substances,7301,Consumption of all Ozone-Depleting Substances in ODP metric tons
118,7,Goal 7. Ensure environmental sustainability,9,Target 7.A: Integrate the principles of sustainable development into country policies and programmes and reverse the loss of environmental resources,208,7.3 Consumption of ozone-depleting substances,7302,Consumption of ozone-depleting CFCs in ODP metric tons
119,7,Goal 7. Ensure environmental sustainability,9,Target 7.A: Integrate the principles of sustainable development into country policies and programmes and reverse the loss of environmental resources,204,7.5 Proportion of total water resources used,7501,"Proportion of total water resources used, percentage"
120,7,Goal 7. Ensure environmental sustainability,9,Target 7.A: Integrate the principles of sustainable development into country policies and programmes and reverse the loss of environmental resources,29,[non-MDG] Proportion of population using solid fuels,7503,"Population using solid fuels, percentage"
121,7,Goal 7. Ensure environmental sustainability,21,"Target 7.B: Reduce biodiversity loss, achieving, by 2010, a significant reduction in the rate of loss",26,7.6 Proportion of terrestrial and marine areas protected,7601,"Terrestrial and marine areas protected to total territorial area, percentage"
122,7,Goal 7. Ensure environmental sustainability,21,"Target 7.B: Reduce biodiversity loss, achieving, by 2010, a significant reduction in the rate of loss",26,7.6 Proportion of terrestrial and marine areas protected,7602,"Terrestrial and marine areas protected, sq. km."
123,7,Goal 7. Ensure environmental sustainability,21,"Target 7.B: Reduce biodiversity loss, achieving, by 2010, a significant reduction in the rate of loss",26,7.6 Proportion of terrestrial and marine areas protected,7603,"Terrestrial areas protected to total surface area, percentage"
124,7,Goal 7. Ensure environmental sustainability,21,"Target 7.B: Reduce biodiversity loss, achieving, by 2010, a significant reduction in the rate of loss",26,7.6 Proportion of terrestrial and marine areas protected,7604,"Terrestrial areas protected, sq. km."
125,7,Goal 7. Ensure environmental sustainability,21,"Target 7.B: Reduce biodiversity loss, achieving, by 2010, a significant reduction in the rate of loss",26,7.6 Proportion of terrestrial and marine areas protected,7605,"Marine areas protected to territorial waters, percentage"
126,7,Goal 7. Ensure environmental sustainability,21,"Target 7.B: Reduce biodiversity loss, achieving, by 2010, a significant reduction in the rate of loss",26,7.6 Proportion of terrestrial and marine areas protected,7606,"Marine areas protected, sq. km."
127,7,Goal 7. Ensure environmental sustainability,21,"Target 7.B: Reduce biodiversity loss, achieving, by 2010, a significant reduction in the rate of loss",26,7.6 Proportion of terrestrial and marine areas protected,7607,Marine areas protected to sea areas under national jurisdiction (0-200 nautical miles)
128,7,Goal 7. Ensure environmental sustainability,10,"Target 7.C: Halve, by 2015, the proportion of people without sustainable access to safe drinking water and basic sanitation",30,7.8 Proportion of population using an improved drinking water source,7801,"Proportion of the population using improved drinking water sources, total"
129,7,Goal 7. Ensure environmental sustainability,10,"Target 7.C: Halve, by 2015, the proportion of people without sustainable access to safe drinking water and basic sanitation",30,7.8 Proportion of population using an improved drinking water source,7802,"Proportion of the population using improved drinking water sources, urban"
130,7,Goal 7. Ensure environmental sustainability,10,"Target 7.C: Halve, by 2015, the proportion of people without sustainable access to safe drinking water and basic sanitation",30,7.8 Proportion of population using an improved drinking water source,7803,"Proportion of the population using improved drinking water sources, rural"
131,7,Goal 7. Ensure environmental sustainability,10,"Target 7.C: Halve, by 2015, the proportion of people without sustainable access to safe drinking water and basic sanitation",31,7.9 Proportion of population using an improved sanitation facility,7901,"Proportion of the population using improved sanitation facilities, total"
132,7,Goal 7. Ensure environmental sustainability,10,"Target 7.C: Halve, by 2015, the proportion of people without sustainable access to safe drinking water and basic sanitation",31,7.9 Proportion of population using an improved sanitation facility,7902,"Proportion of the population using improved sanitation facilities, urban"
133,7,Goal 7. Ensure environmental sustainability,10,"Target 7.C: Halve, by 2015, the proportion of people without sustainable access to safe drinking water and basic sanitation",31,7.9 Proportion of population using an improved sanitation facility,7903,"Proportion of the population using improved sanitation facilities, rural"
134,7,Goal 7. Ensure environmental sustainability,11,"Target 7.D: By 2020, to have achieved a significant improvement in the lives of at least 100 million slum dwellers",32,7.10 Proportion of urban population living in slums,7904,"Slum population as percentage of urban, percentage"
135,7,Goal 7. Ensure environmental sustainability,11,"Target 7.D: By 2020, to have achieved a significant improvement in the lives of at least 100 million slum dwellers",32,7.10 Proportion of urban population living in slums,7905,Slum population in urban areas (thousands)
136,8,Goal 8. Develop a global partnership for development,12,"Target 8.A: Develop further an open, rule-based, predictable, non-discriminatory trading and financial system",33,"8.1 Net ODA, total and to the least developed countries, as percentage of OECD/DAC donors&quot; gross national income",8101,Net ODA as percentage of OECD/DAC donors GNI
137,8,Goal 8. Develop a global partnership for development,12,"Target 8.A: Develop further an open, rule-based, predictable, non-discriminatory trading and financial system",33,"8.1 Net ODA, total and to the least developed countries, as percentage of OECD/DAC donors&quot; gross national income",8102,Net ODA to LDCs as percentage of OECD/DAC donors GNI
138,8,Goal 8. Develop a global partnership for development,12,"Target 8.A: Develop further an open, rule-based, predictable, non-discriminatory trading and financial system",33,"8.1 Net ODA, total and to the least developed countries, as percentage of OECD/DAC donors&quot; gross national income",8103,"Net ODA, million US$"
139,8,Goal 8. Develop a global partnership for development,12,"Target 8.A: Develop further an open, rule-based, predictable, non-discriminatory trading and financial system",33,"8.1 Net ODA, total and to the least developed countries, as percentage of OECD/DAC donors&quot; gross national income",8104,"Net ODA to LDCs, million US$"
140,8,Goal 8. Develop a global partnership for development,13,Target 8.B: Address the special needs of the least developed countries,34,"8.2 Proportion of total bilateral, sector-allocable ODA of OECD/DAC donors to basic social services (basic education, primary health care, nutrition, safe water and sanitation)",8201,ODA to basic social services as percentage of sector-allocable ODA
141,8,Goal 8. Develop a global partnership for development,13,Target 8.B: Address the special needs of the least developed countries,34,"8.2 Proportion of total bilateral, sector-allocable ODA of OECD/DAC donors to basic social services (basic education, primary health care, nutrition, safe water and sanitation)",8202,"ODA to basic social services, million US$"
142,8,Goal 8. Develop a global partnership for development,13,Target 8.B: Address the special needs of the least developed countries,35,8.3 Proportion of bilateral ODA of OECD/DAC donors that is untied,8301,"ODA that is untied, percentage"
143,8,Goal 8. Develop a global partnership for development,13,Target 8.B: Address the special needs of the least developed countries,35,8.3 Proportion of bilateral ODA of OECD/DAC donors that is untied,8302,"ODA that is untied, million US$"
144,8,Goal 8. Develop a global partnership for development,14,Target 8.C: Address the special needs of landlocked countries and small island developing States,36,8.4 ODA received in landlocked developing countries as a proportion of their gross national incomes,8401,ODA received in landlocked developing countries as percentage of their GNI
145,8,Goal 8. Develop a global partnership for development,14,Target 8.C: Address the special needs of landlocked countries and small island developing States,36,8.4 ODA received in landlocked developing countries as a proportion of their gross national incomes,8402,"ODA received in landlocked developing countries, million US$"
146,8,Goal 8. Develop a global partnership for development,14,Target 8.C: Address the special needs of landlocked countries and small island developing States,37,8.5 ODA received in small island developing States as a proportion of their gross national incomes,8501,ODA received in small islands developing States as percentage of their GNI
147,8,Goal 8. Develop a global partnership for development,14,Target 8.C: Address the special needs of landlocked countries and small island developing States,37,8.5 ODA received in small island developing States as a proportion of their gross national incomes,8502,"ODA received in small islands developing States, million US$"
148,8,Goal 8. Develop a global partnership for development,14,Target 8.C: Address the special needs of landlocked countries and small island developing States,38,"8.6 Proportion of total developed country imports (by value and excluding arms) from developing countries and from the least developed countries, admitted free of duty",8601,"Developed country imports from developing countries, admitted duty free, percentage"
149,8,Goal 8. Develop a global partnership for development,14,Target 8.C: Address the special needs of landlocked countries and small island developing States,38,"8.6 Proportion of total developed country imports (by value and excluding arms) from developing countries and from the least developed countries, admitted free of duty",8602,"Developed country imports from the LDCs, admitted duty free, percentage"
150,8,Goal 8. Develop a global partnership for development,14,Target 8.C: Address the special needs of landlocked countries and small island developing States,40,8.8 Agricultural support estimate for OECD countries as a percentage of their gross domestic product,8801,Agriculture support estimate for OECD countries as percentage of their GDP
151,8,Goal 8. Develop a global partnership for development,14,Target 8.C: Address the special needs of landlocked countries and small island developing States,40,8.8 Agricultural support estimate for OECD countries as a percentage of their gross domestic product,8802,"Agriculture support estimate for OECD countries, million US$"
152,8,Goal 8. Develop a global partnership for development,14,Target 8.C: Address the special needs of landlocked countries and small island developing States,41,8.9 Proportion of ODA provided to help build trade capacity,8901,"ODA provided to help build trade capacity, percentage"
153,8,Goal 8. Develop a global partnership for development,15,Target 8.D: Deal comprehensively with the debt problems of developing countries through national and international measures in order to make debt sustainable in the long term,43,8.11 Debt relief committed under HIPC and MDRI Initiatives,81101,"Debt relief committed under HIPC initiative, cumulative million US$ in end-2009 NPV terms"
154,8,Goal 8. Develop a global partnership for development,15,Target 8.D: Deal comprehensively with the debt problems of developing countries through national and international measures in order to make debt sustainable in the long term,43,8.11 Debt relief committed under HIPC and MDRI Initiatives,81102,"Debt relief delivered in full under MDRI initiative, cumulative million US$ in end-2009 NPV terms"
155,8,Goal 8. Develop a global partnership for development,15,Target 8.D: Deal comprehensively with the debt problems of developing countries through national and international measures in order to make debt sustainable in the long term,44,8.12 Debt service as a percentage of exports of goods and services,81201,Debt service as percentage of exports of goods and services and net income
156,8,Goal 8. Develop a global partnership for development,18,"Target 8.F: In cooperation with the private sector, make available the benefits of new technologies, especially information and communications",47,8.14 Fixed-telephone subscriptions per 100 inhabitants,81401,Fixed-telephone subscriptions per 100 inhabitants
157,8,Goal 8. Develop a global partnership for development,18,"Target 8.F: In cooperation with the private sector, make available the benefits of new technologies, especially information and communications",47,8.14 Fixed-telephone subscriptions per 100 inhabitants,81402,Fixed-telephone subscriptions
158,8,Goal 8. Develop a global partnership for development,18,"Target 8.F: In cooperation with the private sector, make available the benefits of new technologies, especially information and communications",194,8.15 Mobile-cellular subscriptions per 100 inhabitants,81501,Mobile-cellular subscriptions per 100 inhabitants
159,8,Goal 8. Develop a global partnership for development,18,"Target 8.F: In cooperation with the private sector, make available the benefits of new technologies, especially information and communications",194,8.15 Mobile-cellular subscriptions per 100 inhabitants,81502,Mobile-cellular subscriptions
160,8,Goal 8. Develop a global partnership for development,18,"Target 8.F: In cooperation with the private sector, make available the benefits of new technologies, especially information and communications",48,8.16 Internet users per 100 inhabitants,81601,Internet users per 100 inhabitants
